test_id,ground_truth,category,gemma3_prediction,gemma3_processing_time,ridge_prediction,ridge_processing_time
test_001,92,excellent,75.0,0.0024559497833251953,72.63157894736842,0.011428117752075195
test_002,58,fair,30.0,0.0018036365509033203,38.0,0.0035169124603271484
test_003,25,poor,27.0,0.0015211105346679688,33.33333333333333,0.0029981136322021484
test_004,98,excellent,75.0,0.0015490055084228516,70.66666666666667,0.003194093704223633
test_005,35,poor,17.0,0.0013859272003173828,18.666666666666668,0.0036830902099609375
test_006,72,good,48.0,0.0014069080352783203,46.66666666666666,0.0028450489044189453
