{
  "a": 0.6548794507980347,
  "b": 19.206329345703125,
  "method": "linear"
}